-- MySQL dump 10.13  Distrib 8.0.32, for Win64 (x86_64)
--
-- Host: localhost    Database: siddata
-- ------------------------------------------------------
-- Server version	8.0.32

/*!40101 SET @OLD_CHARACTER_SET_CLIENT=@@CHARACTER_SET_CLIENT */;
/*!40101 SET @OLD_CHARACTER_SET_RESULTS=@@CHARACTER_SET_RESULTS */;
/*!40101 SET @OLD_COLLATION_CONNECTION=@@COLLATION_CONNECTION */;
/*!50503 SET NAMES utf8mb4 */;
/*!40103 SET @OLD_TIME_ZONE=@@TIME_ZONE */;
/*!40103 SET TIME_ZONE='+00:00' */;
/*!40014 SET @OLD_UNIQUE_CHECKS=@@UNIQUE_CHECKS, UNIQUE_CHECKS=0 */;
/*!40014 SET @OLD_FOREIGN_KEY_CHECKS=@@FOREIGN_KEY_CHECKS, FOREIGN_KEY_CHECKS=0 */;
/*!40101 SET @OLD_SQL_MODE=@@SQL_MODE, SQL_MODE='NO_AUTO_VALUE_ON_ZERO' */;
/*!40111 SET @OLD_SQL_NOTES=@@SQL_NOTES, SQL_NOTES=0 */;

--
-- Table structure for table `branch`
--

DROP TABLE IF EXISTS `branch`;
/*!40101 SET @saved_cs_client     = @@character_set_client */;
/*!50503 SET character_set_client = utf8mb4 */;
CREATE TABLE `branch` (
  `branch_id` int NOT NULL,
  `branch_name` varchar(40) DEFAULT NULL,
  `mgr_id` int DEFAULT NULL,
  `mgr_start_date` date DEFAULT NULL,
  PRIMARY KEY (`branch_id`),
  KEY `mgr_id` (`mgr_id`),
  CONSTRAINT `branch_ibfk_1` FOREIGN KEY (`mgr_id`) REFERENCES `empolyee` (`emp_id`) ON DELETE SET NULL
) ENGINE=InnoDB DEFAULT CHARSET=utf8mb4 COLLATE=utf8mb4_0900_ai_ci;
/*!40101 SET character_set_client = @saved_cs_client */;

--
-- Dumping data for table `branch`
--

LOCK TABLES `branch` WRITE;
/*!40000 ALTER TABLE `branch` DISABLE KEYS */;
INSERT INTO `branch` VALUES (1,'Corporate',100,'2006-02-09'),(2,'Scranton',102,'1992-04-06'),(3,'Stamford',106,'1998-02-13');
/*!40000 ALTER TABLE `branch` ENABLE KEYS */;
UNLOCK TABLES;

--
-- Table structure for table `branch_supplier`
--

DROP TABLE IF EXISTS `branch_supplier`;
/*!40101 SET @saved_cs_client     = @@character_set_client */;
/*!50503 SET character_set_client = utf8mb4 */;
CREATE TABLE `branch_supplier` (
  `branch_id` int NOT NULL,
  `supplier_name` varchar(40) NOT NULL,
  `supply_type` varchar(40) DEFAULT NULL,
  PRIMARY KEY (`branch_id`,`supplier_name`),
  CONSTRAINT `branch_supplier_ibfk_1` FOREIGN KEY (`branch_id`) REFERENCES `branch` (`branch_id`) ON DELETE CASCADE
) ENGINE=InnoDB DEFAULT CHARSET=utf8mb4 COLLATE=utf8mb4_0900_ai_ci;
/*!40101 SET character_set_client = @saved_cs_client */;

--
-- Dumping data for table `branch_supplier`
--

LOCK TABLES `branch_supplier` WRITE;
/*!40000 ALTER TABLE `branch_supplier` DISABLE KEYS */;
INSERT INTO `branch_supplier` VALUES (2,'Hammer Mill','Paper'),(2,'J.T Forms & Labels','Custom Forms'),(2,'Uni-ball','Writing Utensils'),(3,'Hammer Mill','Paper'),(3,'Patriot Paper','Paper'),(3,'Stamford Lables','Custom Forms'),(3,'Uni-ball','Writing Utensils');
/*!40000 ALTER TABLE `branch_supplier` ENABLE KEYS */;
UNLOCK TABLES;

--
-- Table structure for table `client`
--

DROP TABLE IF EXISTS `client`;
/*!40101 SET @saved_cs_client     = @@character_set_client */;
/*!50503 SET character_set_client = utf8mb4 */;
CREATE TABLE `client` (
  `client_id` int NOT NULL,
  `client_name` varchar(40) DEFAULT NULL,
  `branch_id` int DEFAULT NULL,
  PRIMARY KEY (`client_id`),
  KEY `branch_id` (`branch_id`),
  CONSTRAINT `client_ibfk_1` FOREIGN KEY (`branch_id`) REFERENCES `branch` (`branch_id`) ON DELETE SET NULL
) ENGINE=InnoDB DEFAULT CHARSET=utf8mb4 COLLATE=utf8mb4_0900_ai_ci;
/*!40101 SET character_set_client = @saved_cs_client */;

--
-- Dumping data for table `client`
--

LOCK TABLES `client` WRITE;
/*!40000 ALTER TABLE `client` DISABLE KEYS */;
INSERT INTO `client` VALUES (402,'FedEx',3),(403,'John Daliy Law, LLC',3),(404,'Scranton Whitepages',2),(405,'Times Newspaper',3),(406,'FedEx',2);
/*!40000 ALTER TABLE `client` ENABLE KEYS */;
UNLOCK TABLES;

--
-- Table structure for table `empolyee`
--

DROP TABLE IF EXISTS `empolyee`;
/*!40101 SET @saved_cs_client     = @@character_set_client */;
/*!50503 SET character_set_client = utf8mb4 */;
CREATE TABLE `empolyee` (
  `emp_id` int NOT NULL,
  `first_name` varchar(40) DEFAULT NULL,
  `last_name` varchar(40) DEFAULT NULL,
  `birth_day` date DEFAULT NULL,
  `sex` varchar(1) DEFAULT NULL,
  `salary` int DEFAULT NULL,
  `super_id` int DEFAULT NULL,
  `branch_id` int DEFAULT NULL,
  PRIMARY KEY (`emp_id`),
  KEY `branch_id` (`branch_id`),
  KEY `super_id` (`super_id`),
  CONSTRAINT `empolyee_ibfk_1` FOREIGN KEY (`branch_id`) REFERENCES `branch` (`branch_id`) ON DELETE SET NULL,
  CONSTRAINT `empolyee_ibfk_2` FOREIGN KEY (`super_id`) REFERENCES `empolyee` (`emp_id`) ON DELETE SET NULL
) ENGINE=InnoDB DEFAULT CHARSET=utf8mb4 COLLATE=utf8mb4_0900_ai_ci;
/*!40101 SET character_set_client = @saved_cs_client */;

--
-- Dumping data for table `empolyee`
--

LOCK TABLES `empolyee` WRITE;
/*!40000 ALTER TABLE `empolyee` DISABLE KEYS */;
INSERT INTO `empolyee` VALUES (100,'David','Wallance','1967-11-17','M',250000,NULL,1),(101,'Jan','Levinson','1961-05-11','F',111000,100,1),(102,'Michael','Scott','1964-03-15','M',75000,100,2),(103,'Angela','Martin ','1971-06-25','F',63000,102,2),(104,'Kelly','Kapoor ','1980-02-05','F',55000,102,2),(105,'Stanley','Hudson','1958-02-19','M',69000,102,2),(106,'Josh','Porter','1969-09-05','M',78000,100,3),(107,'Andy','Bernard','1973-07-22','M',65000,106,3),(108,'Jim','Halpert','1978-10-01','M',71000,106,3),(109,'Oscar','martinez','1968-02-19','M',69000,106,3);
/*!40000 ALTER TABLE `empolyee` ENABLE KEYS */;
UNLOCK TABLES;
/*!50003 SET @saved_cs_client      = @@character_set_client */ ;
/*!50003 SET @saved_cs_results     = @@character_set_results */ ;
/*!50003 SET @saved_col_connection = @@collation_connection */ ;
/*!50003 SET character_set_client  = cp850 */ ;
/*!50003 SET character_set_results = cp850 */ ;
/*!50003 SET collation_connection  = cp850_general_ci */ ;
/*!50003 SET @saved_sql_mode       = @@sql_mode */ ;
/*!50003 SET sql_mode              = 'STRICT_TRANS_TABLES,NO_ENGINE_SUBSTITUTION' */ ;
DELIMITER ;;
/*!50003 CREATE*/ /*!50017 DEFINER=`root`@`localhost`*/ /*!50003 TRIGGER `my_trigger` BEFORE INSERT ON `empolyee` FOR EACH ROW BEGIN
        INSERT INTO trigger_test VALUES("added new empolyee");
    END */;;
DELIMITER ;
/*!50003 SET sql_mode              = @saved_sql_mode */ ;
/*!50003 SET character_set_client  = @saved_cs_client */ ;
/*!50003 SET character_set_results = @saved_cs_results */ ;
/*!50003 SET collation_connection  = @saved_col_connection */ ;
/*!50003 SET @saved_cs_client      = @@character_set_client */ ;
/*!50003 SET @saved_cs_results     = @@character_set_results */ ;
/*!50003 SET @saved_col_connection = @@collation_connection */ ;
/*!50003 SET character_set_client  = cp850 */ ;
/*!50003 SET character_set_results = cp850 */ ;
/*!50003 SET collation_connection  = cp850_general_ci */ ;
/*!50003 SET @saved_sql_mode       = @@sql_mode */ ;
/*!50003 SET sql_mode              = 'STRICT_TRANS_TABLES,NO_ENGINE_SUBSTITUTION' */ ;
DELIMITER ;;
/*!50003 CREATE*/ /*!50017 DEFINER=`root`@`localhost`*/ /*!50003 TRIGGER `my_trigger1` BEFORE INSERT ON `empolyee` FOR EACH ROW BEGIN INSERT INTO trigger_test VALUES('added new empolyee');





















END */;;
DELIMITER ;
/*!50003 SET sql_mode              = @saved_sql_mode */ ;
/*!50003 SET character_set_client  = @saved_cs_client */ ;
/*!50003 SET character_set_results = @saved_cs_results */ ;
/*!50003 SET collation_connection  = @saved_col_connection */ ;
/*!50003 SET @saved_cs_client      = @@character_set_client */ ;
/*!50003 SET @saved_cs_results     = @@character_set_results */ ;
/*!50003 SET @saved_col_connection = @@collation_connection */ ;
/*!50003 SET character_set_client  = cp850 */ ;
/*!50003 SET character_set_results = cp850 */ ;
/*!50003 SET collation_connection  = cp850_general_ci */ ;
/*!50003 SET @saved_sql_mode       = @@sql_mode */ ;
/*!50003 SET sql_mode              = 'STRICT_TRANS_TABLES,NO_ENGINE_SUBSTITUTION' */ ;
DELIMITER ;;
/*!50003 CREATE*/ /*!50017 DEFINER=`root`@`localhost`*/ /*!50003 TRIGGER `my_trigger32` BEFORE INSERT ON `empolyee` FOR EACH ROW BEGIN INSERT INTO trigger_test VALUES('added new empolyee'); END */;;
DELIMITER ;
/*!50003 SET sql_mode              = @saved_sql_mode */ ;
/*!50003 SET character_set_client  = @saved_cs_client */ ;
/*!50003 SET character_set_results = @saved_cs_results */ ;
/*!50003 SET collation_connection  = @saved_col_connection */ ;

--
-- Table structure for table `tigger_test`
--

DROP TABLE IF EXISTS `tigger_test`;
/*!40101 SET @saved_cs_client     = @@character_set_client */;
/*!50503 SET character_set_client = utf8mb4 */;
CREATE TABLE `tigger_test` (
  `qeries` varchar(50) DEFAULT NULL
) ENGINE=InnoDB DEFAULT CHARSET=utf8mb4 COLLATE=utf8mb4_0900_ai_ci;
/*!40101 SET character_set_client = @saved_cs_client */;

--
-- Dumping data for table `tigger_test`
--

LOCK TABLES `tigger_test` WRITE;
/*!40000 ALTER TABLE `tigger_test` DISABLE KEYS */;
/*!40000 ALTER TABLE `tigger_test` ENABLE KEYS */;
UNLOCK TABLES;

--
-- Table structure for table `trigger_test`
--

DROP TABLE IF EXISTS `trigger_test`;
/*!40101 SET @saved_cs_client     = @@character_set_client */;
/*!50503 SET character_set_client = utf8mb4 */;
CREATE TABLE `trigger_test` (
  `qeries` varchar(50) DEFAULT NULL
) ENGINE=InnoDB DEFAULT CHARSET=utf8mb4 COLLATE=utf8mb4_0900_ai_ci;
/*!40101 SET character_set_client = @saved_cs_client */;

--
-- Dumping data for table `trigger_test`
--

LOCK TABLES `trigger_test` WRITE;
/*!40000 ALTER TABLE `trigger_test` DISABLE KEYS */;
INSERT INTO `trigger_test` VALUES ('added new empolyee'),('added new empolyee'),('added new empolyee');
/*!40000 ALTER TABLE `trigger_test` ENABLE KEYS */;
UNLOCK TABLES;

--
-- Table structure for table `works_with`
--

DROP TABLE IF EXISTS `works_with`;
/*!40101 SET @saved_cs_client     = @@character_set_client */;
/*!50503 SET character_set_client = utf8mb4 */;
CREATE TABLE `works_with` (
  `emp_id` int NOT NULL,
  `client_id` int NOT NULL,
  `taotal_sales` int DEFAULT NULL,
  PRIMARY KEY (`emp_id`,`client_id`),
  KEY `client_id` (`client_id`),
  CONSTRAINT `works_with_ibfk_1` FOREIGN KEY (`emp_id`) REFERENCES `empolyee` (`emp_id`) ON DELETE CASCADE,
  CONSTRAINT `works_with_ibfk_2` FOREIGN KEY (`client_id`) REFERENCES `client` (`client_id`) ON DELETE CASCADE
) ENGINE=InnoDB DEFAULT CHARSET=utf8mb4 COLLATE=utf8mb4_0900_ai_ci;
/*!40101 SET character_set_client = @saved_cs_client */;

--
-- Dumping data for table `works_with`
--

LOCK TABLES `works_with` WRITE;
/*!40000 ALTER TABLE `works_with` DISABLE KEYS */;
INSERT INTO `works_with` VALUES (102,406,15000),(105,404,33000),(105,406,130000),(107,403,5000),(107,405,26000),(108,402,22500),(108,403,12000);
/*!40000 ALTER TABLE `works_with` ENABLE KEYS */;
UNLOCK TABLES;
/*!40103 SET TIME_ZONE=@OLD_TIME_ZONE */;

/*!40101 SET SQL_MODE=@OLD_SQL_MODE */;
/*!40014 SET FOREIGN_KEY_CHECKS=@OLD_FOREIGN_KEY_CHECKS */;
/*!40014 SET UNIQUE_CHECKS=@OLD_UNIQUE_CHECKS */;
/*!40101 SET CHARACTER_SET_CLIENT=@OLD_CHARACTER_SET_CLIENT */;
/*!40101 SET CHARACTER_SET_RESULTS=@OLD_CHARACTER_SET_RESULTS */;
/*!40101 SET COLLATION_CONNECTION=@OLD_COLLATION_CONNECTION */;
/*!40111 SET SQL_NOTES=@OLD_SQL_NOTES */;

-- Dump completed on 2023-05-21 14:23:18
